SMILES,ACTIVITY
C=CC(C1=CC(=O)C(OC)=CC1=O)c1ccc(O)cc1,0
C=C1CCC=C(C)CCC2C1CC2(C)C.O,0
CCCCCCCCCCCCCCCC(=O)OCC(O)CO,0
CC1(C)C(=O)C2OC2C2(C)C1CC(O)C1(C)C2CCC2(C)C(c3ccoc3)OC(=O)C3OC321,0
CC1(C)C(O)CC(O)C2(C)C1CC(=O)C1(C)C2CCC2(C)C(c3ccoc3)OC(=O)C3OC321,0
CC1(C)C(O)CC(=O)C2(C)C1CC(=O)C1(C)C2CCC2(C)C(c3ccoc3)OC(=O)C3OC321,0
CCC1(O)C(=O)OCc2c1cc1n(c2=O)Cc2cc3cc(O)ccc3nc2-1,0
CC(=O)OC1CCC2(C)C(CCC3(C)C2C2OC2C24OC(=O)C5(CCC(C)C(C)C52)CCC34C)C1(C)C,0
CC(=O)C12OC1(C)CC1C3CC=C4CC(O)CCC4(C)C3CCC12C,0
CC(N)C(O)c1ccccc1.Cl,0
CC(=O)c1ccc[nH]1,0
CC1=CC2C(CC1=O)C2(C)C,0
COc1ccc(C(=O)O)c(O)c1OC,0
CC1(C)CC2C1CCC1(C)OC1CCC2(C)O,0
O=c1c2ccccc2oc2ccc(O)cc12,0
COc1cc2c(cc1C=O)OCO2,0
COc1c(O)cccc1O,0
Oc1ccnc(S)n1,0
O=[N+]([O-])c1ccc(O)c([N+](=O)[O-])c1,1
O=C(OC1Cc2c(O)cc(O)cc2OC1c1cc(O)c(O)c(O)c1-c1c(C2Oc3cc(O)cc(O)c3CC2OC(=O)c2cc(O)c(O)c(O)c2)cc(O)c(O)c1O)c1cc(O)c(O)c(O)c1,0
O=C(C=Cc1ccc(O)cc1)c1ccccc1O,0
COc1ccc(C=CC(=O)c2ccc(O)cc2O)cc1,0
O=C(C=Cc1ccccc1)c1ccc(O)cc1O,0
O=C(C=Cc1ccccc1)c1ccc(OC2OC(CO)C(O)C(O)C2O)cc1O,0
COc1ccc(C=CC(=O)c2cc(O)ccc2O)cc1,0
N#CCCN.O=C(O)C=CC(=O)O,0
CC(=O)OC1CCC2(C)C(CCC3C4CC=C(C(C)=O)C4(C)CCC32)C1,0
CC(=O)OC1CC(O)C(C)(C)C2CC(OC(C)=O)C3(C)C(CCC4(C)C(c5ccoc5)OC(=O)C5OC543)C12C,0
O=c1c(O)c(-c2ccccc2)oc2ccccc12,0
COc1cccc(O)c1O,0
CC(=O)OC1CC2C(C)(C)C=CCC2(C)C2CCC3(C)C(c4ccoc4)OC(=O)C4OC43C12C,0
COc1cc(C=O)cc(OC)c1OC,0
O=c1c(O)c(-c2ccc(O)cc2)oc2ccccc12,0
COc1ccc(-c2oc3cc(OC)c(OC)c(OC)c3c(=O)c2OC)cc1,0
O=c1c(O)c(-c2ccccc2)oc2cccc(O)c12,0
O=c1c(O)c(-c2ccccc2)oc2cc(O)ccc12,0
COc1ccc2c(=O)c(OC)c(-c3ccccc3)oc2c1,0
O=c1cc(-c2cccc(O)c2)oc2ccc(O)cc12,0
CC(=O)OC1CCC2(C)C(CC(OC(C)=O)C3(C)C4=CC(=O)OC(c5ccoc5)C4(C)CCC23)C1(C)C,0
C=C1C2CCC3(C)C(c4ccoc4)OC(=O)CC13OC1CC(O)C(C)(C)C(CC(=O)OC)C12C,0
CC(=O)OC1CCC2(C)C(CC(OC(C)=O)C3(C)C2CCC2(C)C(c4ccoc4)OC(=O)C4OC423)C1(C)C,0
CC(CCC(=O)O)C1CCC2C3CC=C4CC(O)CCC4(C)C3CCC12C,0
CC(=O)OC1CC2C(C)(C)C(O)CCC2(C)C2CCC3(C)C(=CC(=O)OC3c3ccoc3)C12C,0
CC(=O)Oc1ccc(O)cc1,0
COc1ccc(C=O)cc1,0
Cc1cc(O)cc(=O)o1,0
O=C(C=Cc1ccc(O)cc1)c1ccccc1,0
COc1ccc(C=CC(=O)c2ccccc2)cc1,0
C=CC(C1=CC(=O)C(OC)=CC1=O)c1ccccc1,0
Cc1cc(=O)oc2c(O)c(O)ccc12,0
Cc1cc(=O)oc2cc(O)c(O)cc12,0
Cc1c[nH]cn1,0
O=C(O)CCCN1C(=O)c2cccc3cccc(c23)C1=O,0
CCCCCCCCCc1ccc(O)cc1,0
C=CC(C1=CC(=O)C(OC)=CC1=O)c1ccc(OC)cc1,0
O=C(C=Cc1ccccc1)c1ccc(O)cc1,0
COc1ccc(C(=O)C=Cc2ccccc2)cc1,0
COc1ccc(-c2cc(=O)c3ccccc3o2)cc1,0
COc1ccc(-c2cc(=O)c3c(O)cc(OC)c(OC)c3o2)c(OC)c1,0
COc1ccccc1-c1cc(=O)c2c(OC)cccc2o1,0
COc1ccc(-c2coc3cc(O)cc(OC)c3c2=O)cc1,0
COc1ccc(-c2cc(=O)c3c(OC)cc(OC)cc3o2)cc1,0
COc1ccc(-c2coc3cc(OC)cc(OC)c3c2=O)cc1,0
CC12CCC3C(CCC4CC(=O)CCC43C)C1CCC2=O,0
CC(C)CCCC(C)C1CCC2C3CC(=O)C4CC(O)CCC4(C)C3CCC12C,0
CC(C)CCCC(C)C1CCC2C3CCC4CC(O)CCC4(C)C3CCC12C,0
O=c1cccc(C=Cc2ccc3c(c2)OCO3)o1,0
O=c1cc(-c2ccccc2)oc2ccc(O)cc12,0
O=c1cc(-c2ccccc2O)oc2ccc(O)cc12,0
COc1cccc(-c2cc(=O)c3cc(OC)ccc3o2)c1,0
O=c1cc(-c2ccc(O)cc2)oc2ccc(O)cc12,0
CC(=O)OC1CC(OC(C)=O)C2(C)C(CC(=O)C3(C)C2CCC2(C)C(c4ccoc4)OC(=O)C4OC423)C1(C)C,0
CC(=O)OC1CC(OC(C)=O)C2(C)C(CC(O)C3(C)C2CCC2(C)C(c4ccoc4)OC(=O)C4OC423)C1(C)C,0
CC1(C)C(=O)C=CC2(C)C1C=CC1(C)C2CCC2(C)C(c3ccoc3)OC(=O)C3OC312,0
O=c1cc(-c2ccccc2)oc2cc(O)ccc12,0
COc1ccc2c(=O)ccoc2c1,0
COC(=O)C1(C)CCCC2(C)c3ccc(C(C)C)cc3C(=O)CC12,0
O=c1cc(-c2ccccc2O)oc2cc(O)ccc12,0
COc1ccc2c(=O)cc(-c3ccccc3OC)oc2c1,0
O=c1cc(-c2ccc(O)cc2)oc2cc(O)ccc12,0
COc1ccc(-c2coc3cc(OC)ccc3c2=O)c(O)c1,0
COc1ccc(-c2coc3cc(OC)ccc3c2=O)cc1,0
O=c1cc(-c2ccccc2)oc2c(O)c(O)ccc12,0
COc1ccc2c(=O)cc(-c3ccccc3)oc2c1OC,0
CC1(C)C(=O)C2CC3(O)C4=CC(=O)OC(c5ccoc5)C4(C)CCC3C(C)(C2=O)C1CC(=O)O,0
Nc1nc(NC2CC2)c2ncn(C3C=CC(CO)C3)c2n1.O=S(=O)(O)O,0
CCC(C)C1OC2(C=CC1C)CC1CC(CC=C(C)C(OC3CC(OC)C(OC4CC(OC)C(O)C(C)O4)C(C)O3)C(C)C=CC=C3COC4C(O)C(C)=CC(C(=O)O1)C34O)O2,0
CC(C)C1=CC2=CCC3C(C)(C(=O)O)CCCC3(C)C2CC1,1
CC12CCC(O)CC1=CCC1C2CCC2(C)C(c3cccnc3)=CCC12,0
CNC(Cc1c[nH]c2ccccc12)C(=O)O,0
CC(C=CC1(O)C(C)=CC(=O)CC1(C)C)=CC(=O)O,0
COc1ccc(-c2cc(=O)c3c(O)cc(O)cc3o2)cc1,0
NC(=O)c1ncn(C2OC(CO)C(O)C2O)c1N,0
CC(=O)NCCCS(=O)(=O)[O-].CC(=O)NCCCS(=O)(=O)[O-].[Ca+2],0
CC1OC(OC2C(CO)OC(OC3C(CO)OC(O)C(O)C3O)C(O)C2O)C(O)C(O)C1NC1C=C(CO)C(O)C(O)C1O,0
CCCC(=O)Nc1ccc(OCC(O)CNC(C)C)c(C(C)=O)c1.Cl,0
CCN(CC)CCNC(=O)c1ccc(NC(C)=O)cc1.Cl,0
O=C(O)COC(=O)Cc1ccccc1Nc1c(Cl)cccc1Cl,0
CC(=O)Nc1ccc(S(=O)(=O)c2ccc(NC(C)=O)cc2)cc1,0
CC(=O)Nc1ccc(C(=O)O)cc1,0
Cn1c(=O)c2c(ncn2CC(=O)O)n(C)c1=O,0
CC(=O)NC(CCC(N)=O)C(=O)O,0
COc1ccc2c(c1)c(CC(=O)OCC(=O)O)c(C)n2C(=O)c1ccc(Cl)cc1,0
CC(=O)NC1C(O)CC(O)(C(=O)O)OC1C(O)C(O)CO,0
CC(=O)c1ccc2c(c1)N(CCCN(C)C)c1ccccc1S2.O=C(O)C=CC(=O)O,0
CC1=CC(=O)[N-]S(=O)(=O)O1.[K+],0
CC(=O)Nc1ccc(O)cc1,0
CC(=O)Nc1ccc(OC(=O)c2ccccc2O)cc1,0
CC(=O)Nc1ccccc1,0
CC(=O)Nc1cc([As](=O)(O)O)ccc1O,0
CC(=O)Nc1nnc(S(N)(=O)=O)s1,0
CC(=O)c1ccc(S(=O)(=O)NC(=O)NC2CCCCC2)cc1,0
CC(=O)NO,0
CC(=O)c1ccc2c(c1)N(CCCN1CCN(CCO)CC1)c1ccccc1S2.O=C(O)C=CC(=O)O,0
COc1cc(C(C)=O)cc(OC)c1O,0
CC(=O)Nc1c(I)cc(I)c(C(=O)O)c1I,0
COc1cc(C)c(C(=O)O)c(OC(C)=O)c1,0
CC(=O)Oc1ccc2c(C)cc(=O)oc2c1,0
CC(=O)OC1CC2CC(OC(C)=O)C3(C)C(CCC4(C)C(c5ccoc5)OC(OC(C)=O)C5OC543)C2(C)C(OC(C)=O)C1,0
CC(=O)NC(CC(C)C)C(=O)O,0
CC(=O)OC(CC(=O)O)[N+](C)(C)C.[Cl-],0
CC(=O)OCC[N+](C)(C)C.[Cl-],0
CC(=O)NC(CS)C(=O)O,0
CC(=O)Oc1ccccc1C(=O)Nc1ccccc1,0
CC(=O)NCCCCCC(=O)O,0
Cc1cnc(C(=O)O)c[n+]1[O-],0
COc1cc(C)c(C=CC=CC=CC=CC(=O)O)c(C)c1C,0
O=C(O)C=C(CC(=O)O)C(=O)O,0
C[n+]1c2cc(N)ccc2cc2ccc(N)cc21.[Cl-],0
CCCCCCc1ccc(O)cc1O.Nc1c2ccccc2nc2ccccc12,0
CC(=O)Nc1ccc(CC(=O)O)cc1,0
CC(=O)OC1CC23CC24CCC(OC2OCC(O)C(O)C2O)C(C)(C)C4CCC3C2(C)CC3OC4(CC(C)C3C12C)OC(O)C1(C)OC41,0
CCOc1ccc(S(=O)(=O)[O-])c2cccnc12.[Na+],0
Nc1nc2c(ncn2COCCO)c(=O)[nH]1,0
COc1ccc(-c2ccc3cc(C(=O)O)ccc3c2)cc1C12CC3CC(CC(C3)C1)C2,0
CC(C)(C)C(=O)OCOP(=O)(COCCn1cnc2c(N)ncnc21)OCOC(=O)C(C)(C)C,0
O=C(CCCCCCCC(=O)NCCO)NCCO,0
Nc1ncnc2[nH]cnc12,0
Nc1ncnc2c1ncn2C1OC(CO)C(O)C1O,0
Nc1ncnc2c1ncn2C1OC(COP(=O)(O)O)C(O)C1O,0
Nc1ncnc2c1ncn2C1OC(COP(=O)(O)OP(=O)([O-])OP(=O)([O-])O)C(O)C1O.[Na+].[Na+],0
CCN(CC)CCOC(=O)C(c1ccccc1)c1ccccc1.Cl,0
O=C(O)CCCCC(=O)O,0
OCC(O)C(O)C(O)CO,0
CNCC(=O)c1ccc(O)c(O)c1.Cl,0
CC12CC(=O)C3C(CCC4=CC(=O)CCC43C)C1CCC2=O,0
CC(=O)NC(Cc1ccccc1)C(=O)O,0
CCCCCCCCCCCCCCCCC(C(=O)O)C(O)(CC(=O)O)C(=O)O,0
CC(=CCn1c[n+](C)c2c(N)ncnc21)CCC1(C)C(C)CCC2(C)C(C)=CCCC21.[Cl-],1
N=C(N)NCCCCN.O=S(=O)(O)O,0
COc1ccc2cccc(CCNC(C)=O)c2c1,0
CCC1C2CC3C4N(C)c5ccccc5C45CC(C2C5O)N3C1O,0
NC(=O)c1ccc([N+](=O)[O-])cc1Cl,0
CCCSc1ccc2nc(NC(=O)OC)[nH]c2c1,0
CC(C)(C)NCC(O)c1ccc(O)c(CO)c1,0
NCCCC(O)(P(=O)(O)O)P(=O)(O)O.O.O.O.[Na+],0
O=C(O)CCCCCCCC(O)C(O)CCCCCCO,0
COc1cc2nc(N(C)CCCNC(=O)C3CCCO3)nc(N)c2cc1OC.Cl,0
COC1C(C(=O)O)OC(C)C(O)C1O.COC1OC(C(=O)O)C(O)C(O)C1O,0
COCCCOc1cc(CC(CC(N)C(O)CC(C(=O)NCC(C)(C)C(N)=O)C(C)C)C(C)C)ccc1OC.O=C(O)C=CC(=O)O,0
O=C1c2ccccc2C(=O)c2c1ccc(O)c2O,0
NC(=O)NC1NC(=O)NC1=O,0
O=c1[nH]cnc2[nH]ncc12,0
C=CCC1(O)CCC2C3CCC4=CCCCC4C3CCC21C,0
C=CCN=C=S,0
C=CCNC(N)=S,0
Cn1c(=O)cc(N2CCCC(N)C2)n(Cc2ccccc2C#N)c1=O.O=C(O)c1ccccc1,0
O=C1c2c(O)cccc2C(C2OC(CO)C(O)C(O)C2O)c2cc(CO)cc(O)c21,0
CC(CCC(=O)O)C1CCC2C3CC(O)C4CC(O)CCC4(C)C3CCC12C,0
CC1(C)CCC2=C(O1)C(=O)c1ccccc1C2=O,0
COc1c(O)cc2oc3cc(O)c(CC=C(C)C)c(O)c3c(=O)c2c1CC=C(C)C,0
Cc1c(C)c2c(c(C)c1O)CCC(C)(CCCC(C)CCCC(C)CCCC(C)C)O2,0
CC(=O)Oc1c(C)c(C)c2c(c1C)CCC(C)(CCCC(C)CCCC(C)CCCC(C)C)O2,0
COc1cc2c(cc1OC)C1C(=O)c3c(O)cc4c(c3OC1CO2)C=CC(C)(C)O4,0
COc1cc(OC)c2c(c1)OC(c1ccccc1)CC2=O,0
C=CCc1ccccc1OCC(O)CNC(C)C.Cl,0
O=C(O)CN1C(=O)c2cccc3cccc(c23)C1=O,0
C=CCSCC1Nc2cc(Cl)c(S(N)(=O)=O)cc2S(=O)(=O)N1,0
C=CCC1(O)CCC2C3CCC4=CC(=O)CCC4=C3C=CC21C,0
CN(C)c1nc(N(C)C)nc(N(C)C)n1,0
CCN(CCCc1ccccc1)CCCc1ccccc1.O=C(O)CC(O)(CC(=O)O)C(=O)O,0
Cl.NC12CC3CC(CC(C3)C1)C2,0
CC1(C)CCCC2(C)C1CCC1(C)OCCC12,0
Cl.Nc1c(Br)cc(Br)cc1CNC1CCC(O)CC1,0
CC(=O)OCC(=O)C12OC3(CCCC3)OC1CC1C3CCC4=CC(=O)C=CC4(C)C3(F)C(O)CC12C,0
COS(=O)(=O)[O-].COc1cc(N)cn[n+]1-c1ccccc1,0
NCCCNCCSP(=O)(O)O,0
NCCC(O)C(=O)NC1CC(N)C(OC2OC(CN)C(O)C(O)C2O)C(O)C1OC1OC(CO)C(O)C(N)C1O.O,0
Cl.N=C(N)NC(=O)c1nc(Cl)c(N)nc1N,0
Nc1c2ccccc2nc2ccccc12,0
Cl.NCCCCCC(=O)O,0
CCC1(c2ccc(N)cc2)CCC(=O)NC1=O,0
Nc1ccc(C(=O)NCC(=O)O)cc1,0
Cl.NCC(=O)CCC(=O)O,0
Cn1c(=O)c2[nH]cnc2n(C)c1=O.NCCN,0
Nc1nc(N)c2nc(CNc3ccc(C(=O)NC(CCC(=O)O)C(=O)O)cc3)cnc2n1,0
Cc1c(N(C)C)c(=O)n(-c2ccccc2)n1C,0
Nc1ccc(C(=O)[O-])c(O)c1.[Na+],0
Nc1nccs1,0
CCCCc1oc2ccccc2c1C(=O)c1cc(I)c(OCCN(CC)CC)c(I)c1.Cl,0
CCN1CCCC1CNC(=O)c1cc(S(=O)(=O)CC)c(N)cc1OC,0
Cc1ccc(N=CN(C)C=Nc2ccc(C)cc2C)c(C)c1,0
CN(C)CCC=C1c2ccccc2CCc2ccccc21.Cl,0
CC(C)c1ccc2oc3nc(N)c(C(=O)O)cc3c(=O)c2c1,0
CCOC(=O)C1=C(COCCN)NC(C)=C(C(=O)OC)C1c1ccccc1Cl.O=S(=O)(O)c1ccccc1,0
CC(O)C(=O)[O-].[NH4+],0
CCN(CC)Cc1ccc(Nc2ccnc3cc(Cl)ccc23)cc1O.Cl.Cl,0
CCC(C)(C)c1ccc(CC(C)CN2CC(C)OC(C)C2)cc1.Cl,0
Clc1ccc2c(c1)C(N1CCNCC1)=Nc1ccccc1O2,0
CC1(C)S[C@@H]2[C@H](NC(=O)[C@H](N)c3ccc(cc3)O)C(=O)N2[C@H]1C(=O)O,1
CC1C=CC=CC=CC=CC=CC=CC=CC(OC2OC(C)C(O)C(N)C2O)CC2OC(O)(CC(O)CC(O)C(O)CCC(O)CC(O)CC(=O)OC(C)C(C)C1O)CC(O)C2C(=O)O,0
CC1(C)SC2C(NC(=O)C(N)c3ccccc3)C(=O)N2C1C(=O)[O-].[Na+],0
CCOC(=O)OC(C)OC1=C(C(=O)Nc2ccccn2)N(C)S(=O)(=O)c2ccccc21,0
CCCc1ncc(C[n+]2ccccc2C)c(N)n1.[Cl-],0
CN(C)c1cnccn1.O=S(=O)(O)O,0
COc1cc(NS(C)(=O)=O)ccc1Nc1c2ccccc2nc2ccccc12,0
N#CC(OC1OC(COC2OC(CO)C(O)C(O)C2O)C(O)C(O)C1O)c1ccccc1,0
CCC(C)(C)O,0
CN1CCCCC1c1ccc(-c2cccnc2)nc1.Cl,0
Cl.c1cncc(C2CCCCN2)c1,0
Cl.O=C1CN2Cc3c(ccc(Cl)c3Cl)N=C2N1,0
CC(C)(C#N)c1cc(Cn2cncn2)cc(C(C)(C)C#N)c1,0
O=S(=O)([O-])c1cc(O)c2c(N=Nc3ccc(Nc4ccccc4)c4c(S(=O)(=O)[O-])cccc34)cc(S(=O)(=O)[O-])cc2c1.[Na+].[Na+].[Na+],0
Cl.N=c1ccn2c(n1)OC1C(O)C(CO)OC12,0
C=C1C(C2(C)C=CC(=O)C(C)(C)C2CC(=O)OC)CCC2(C)C(c3ccoc3)OC(=O)C3OC132,0
C=C1CCC2C(C)(CO)C(O)CCC2(C)C1CC=C1C(=O)OCC1O,0
CC12C=CC(=O)C=C1CCC1C2CCC2(C)C(=O)CCC12,0
CC12CCC3C(CCC4CC(O)CCC43C)C1CCC2=O,0
CC=Cc1ccc(OC)cc1,0
COc1ccc(C(C)C(=O)c2ccc(O)cc2O)cc1,1
COc1ccc(C(=O)N2CCCC2=O)cc1,0
COc1ccc(C2C(=O)c3ccccc3C2=O)cc1,0
Br.CN1C2CC(OC(=O)C(CO)c3ccccc3)CC1C(O)C2,0
c1ccc(CN(CC2=NCCN2)c2ccccc2)cc1,0
CC(=O)OC1CC2(C)C(c3ccoc3)CC3OC32C2(C)C(=O)C(O)=C3C(C)(C)C(=O)C=CC3(C)C12,0
O=C(O)c1c2ccccc2cc2ccccc12,0
O=C1c2c(O)cccc2Cc2cccc(O)c21,0
COc1cc(O)cc(OC)c1OC,0
O.O.O.O=C([O-])C1O[Sb]2OC(=O)C(O2)C(C(=O)[O-])O[Sb]2OC(=O)C1O2.[K+].[K+],0
CCCCCC1C(=O)OC(C)C(NC(=O)c2cccc(NC=O)c2O)C(=O)OC(C)C1OC(=O)CC(C)C,0
Cc1cc(=O)n(-c2ccccc2)n1C,0
O=C(O)C1CC(C2CCCCN2)CN2CCCCC12,0
O=c1cc(-c2ccc(O)cc2)oc2cc(O)cc(O)c12,0
COc1ccc(-c2cc(=O)c3c(O)cc(OC)cc3o2)cc1,0
CC(=O)Oc1ccc(-c2cc(=O)c3c(OC(C)=O)cc(OC(C)=O)cc3o2)cc1,0
C=CCc1cc(OC)c2c(c1OC)OCO2,0
COc1ccc(-n2nc(C(N)=O)c3c2C(=O)N(c2ccc(N4CCCCC4=O)cc2)CC3)cc1,0
COc1cc(C(C)=O)ccc1O,0
CN1CCc2cccc3c2C1Cc1ccc(O)c(O)c1-3.Cl,0
CNC1C(OC2OC(CO)C(N)C(O)C2O)OC2CC(N)C(OC3C(N)CC(N)C(O)C3O)OC2C1O.O=S(=O)(O)O,1
CC(OC1OCCN(C(C)c2nc(=O)[nH][nH]2)C1c1ccc(F)cc1)c1cc(C(F)(F)F)cc(C(F)(F)F)c1,0
CCCCCC=CCC=CCC=CCC=CCCCC(=O)O,0
OCC1OC(Oc2ccc(O)cc2)C(O)C(O)C1O,0
N=C(N)NCCCCNC(=N)N.O=S(=O)(O)O,0
Br.COC(=O)C1=CCCN(C)C1,0
Cl.N=C(N)NCCCC(N)C(=O)O,0
O=C1CCc2ccc(OCCCCN3CCN(c4cccc(Cl)c4Cl)CC3)cc2N1,0
COc1cccc2c1cc([N+](=O)[O-])c1c(C(=O)O)cc3c(c12)OCO3,0
NC(=O)CS(=O)C(c1ccccc1)c1ccccc1,0
Nc1ccc([As](=O)(O)O)cc1,0
NCCO.NCCO.O[AsH]O[AsH]O,0
COC1OC2OC3(C)CCC4C(C)CCC(C1C)C24OO3,0
CC1CCC2C(C)C(=O)OC3OC4(C)CCC1C32OO4,0
CCOC1OC2OC3(C)CCC4C(C)CCC(C1C)C24OO3,0
CC1CCC2C(C)C(O)OC3OC4(C)CCC1C32OO4,0
CC1C(=O)OC2C1CCC1(C)CCC(=O)C(C)C21,0
CC1CCC2C(C)C(OC(=O)CCC(=O)O)OC3OC4(C)CCC1C32OO4,0
CCCCCC(=O)Cc1cc(O)cc(O)c1C(=O)Oc1cc(CC(=O)CCCCC)c(C(=O)O)c(OC)c1,1
COc1cc(OC)c(OC)cc1C=O,0
O=C1OC(C(O)CO)C(O)=C1O,0
CCCCCCCCCCCCCCCC(=O)OCC(O)C1OC(=O)C(O)=C1O,0
CC1CCC2(C(=O)OC3OC(COC4OC(CO)C(OC5OC(C)C(O)C(O)C5O)C(O)C4O)C(O)C(O)C3O)CCC3(C)C(=CCC4C5(C)CC(O)C(O)C(C)(CO)C5CCC43C)C2C1C,0
NC(=O)CC(N)C(=O)O.O,0
COC(=O)C(Cc1ccccc1)NC(=O)C(N)CC(=O)O,0
NC(CC(=O)O)C(=O)O,0
CC(=O)Oc1ccccc1C(=O)O,0
CC(C=CC=C(C)C=CC1=C(C)C(=O)C(O)CC1(C)C)=CC=CC=C(C)C=CC=C(C)C=CC1=C(C)C(=O)C(O)CC1(C)C,0
CC(C)(O)C1CCC(C)(C2C(O)CC3(C)C4CC(OC5OC(CO)C(O)C(O)C5O)C5C(C)(C)C(OC6OCC(O)C(O)C6O)CCC56CC46CCC23C)O1,0
COC(=O)NC(C(=O)NC(Cc1ccccc1)C(O)CN(Cc1ccc(-c2ccccn2)cc1)NC(=O)C(NC(=O)OC)C(C)(C)C)C(C)(C)C.O=S(=O)(O)O,0
CC(C)NCC(O)COc1ccc(CC(N)=O)cc1,0
CNCCC(Oc1ccccc1C)c1ccccc1.Cl,0
CC(C)c1c(C(=O)Nc2ccccc2)c(-c2ccccc2)c(-c2ccc(F)cc2)n1CCC(O)CC(O)CC(=O)[O-].[Ca+2],0
O=C1C(O)=C(C2CCC(c3ccc(Cl)cc3)CC2)C(=O)c2ccccc21,0
COc1ccc(CC2c3cc(OC)c(OC)cc3CC[N+]2(C)CCC(=O)OCCCCCOC(=O)CC[N+]2(C)CCc3cc(OC)c(OC)cc3C2Cc2ccc(OC)c(OC)c2)cc1OC.O=S(=O)([O-])c1ccccc1.O=S(=O)([O-])c1ccccc1,0
COC(=O)c1c(C)cc(OC(=O)c2c(C)cc(O)c(C=O)c2O)c(C)c1O,0
CN1C2CCC1CC(OC(=O)C(CO)c1ccccc1)C2,0
C[N+]1([O-])C2CCC1CC(OC(=O)C(CO)c1ccccc1)C2,0
CN1C2CCC1CC(OC(=O)C(CO)c1ccccc1)C2.O=S(=O)(O)O,0
CC(C)=CCCC(C)=CCOc1ccc2ccc(=O)oc2c1,0
COc1ccc(CNc2nc(N3CCCC3CO)ncc2C(=O)NCc2ncccn2)cc1Cl,0
CCC(C)C1OC2(C=CC1C)CC1CC(CC=C(C)C(OC3CC(OC)C(OC4CC(OC)C(O)C(C)O4)C(C)O3)C(C)C=CC=C3COC4C(OC)C(C)=CC(C(=O)O1)C34O)O2,0
COc1ccc(C(=O)CC(=O)c2ccc(C(C)(C)C)cc2)cc1,0
C=CCCCCCCCCCCCC(O)CC(O)CO,0
C=CCCCCCCCCCCCc1ccco1,0
C#CCCCCCCCCCCCC(O)CC(O)CO,0
C#CCCCCCCCCCCCC(O)CC(O)COC(C)=O,0
C#CCCCCCCCCCCCC(O)CC(O)COC(C)=O.C=CCCCCCCCCCCCC(O)CC(O)COC(C)=O,0
C#CCCCCCCCCCCCC(O)CC(O)CO.C=CCCCCCCCCCCCC(O)CC(O)CO,0
Nc1ncn(C2OC(CO)C(O)C2O)c(=O)n1,0
CC=C(C)C(=O)OC1CC(OC(C)=O)C2(C(=O)OC)COC3C2C12COC(O)(C(=O)OC)C2C(C)(C12OC1(C)C1CC2OC2OC=CC21O)C3O,0
O=C(CCCN1CCN(c2ccccn2)CC1)c1ccc(F)cc1,0
[N-]=[N+]=CC(=O)OCC(N)C(=O)O,0
Cn1cnc([N+](=O)[O-])c1Sc1[nH]cnc2ncnc1-2,0
O=C(O)CCCCCCCC(=O)O,0
CN1CCCC(n2nc(Cc3ccc(Cl)cc3)c3ccccc3c2=O)CC1.Cl,0
CCOc1nc2cccc(C(=O)OCc3oc(=O)oc3C)c2n1Cc1ccc(-c2ccccc2-c2noc([O-])n2)cc1.[K+],0
CCC1OC(=O)C(C)C(OC2CC(C)(OC)C(O)C(C)O2)C(C)C(OC2OC(C)CC(N(C)C)C2O)C(C)(O)CC(C)CN(C)C(C)C(O)C1(C)O,1
CC1(C)SC2C(NC(=O)C(NC(=O)N3CCNC3=O)c3ccccc3)C(=O)N2C1C(=O)[O-].[Na+],1
CC1C(NC(=O)C(=NOC(C)(C)C(=O)O)c2csc(N)n2)C(=O)N1S(=O)(=O)O,0
CCOC(=O)OC(C)OC(=O)C1N2C(=O)C(NC(=O)C(N)c3ccccc3)C2SC1(C)C.Cl,1
CC(=O)OC1C(=O)C2(C)C(O)CC3OCC3(OC(C)=O)C2C(OC(=O)c2ccccc2)C2(O)CC(O)C(C)=C1C2(C)C,0
CCC(C)C(N)C1=NC(C(=O)NC(CC(C)C)C(=O)NC(CCC(=O)O)C(=O)NC(C(=O)NCCCCC2NC(=O)C(CC(N)=O)NC(=O)C(CC(=O)O)NC(=O)C(Cc3c[nH]cn3)NC(=O)C(Cc3ccccc3)NC(=O)C(C(C)CC)NC(=O)C(CCCN)NC2=O)C(C)CC)CS1,0
Cl.NCC(CC(=O)O)c1ccc(Cl)cc1,0
O=c1cc(-c2ccccc2)oc2cc(O)c(O)c(O)c12,0
O=C(O)C1OC(Oc2cc3oc(-c4ccccc4)cc(=O)c3c(O)c2O)C(O)C(O)C1O,0
O=C([O-])CCNC(=O)c1ccc(N=Nc2ccc(O)c(C(=O)[O-])c2)cc1.[Na+].[Na+],0
CN(C)C(=O)Oc1cc(OC(=O)N(C)C)cc(C(O)CNC(C)(C)C)c1.Cl,0
CCC1(CC)C(=O)NC(=O)NC1=O,0
CCCCCCCCCCCCCCCCCCOCC(O)CO,0
CC(=O)O.Cc1c(-c2ccc(O)cc2)n(Cc2ccc(OCCN3CCCCCC3)cc2)c2ccc(O)cc12,0
O=C(CCCl)NCc1ccccc1,0
CCC(=O)OCC(=O)C1(OC(=O)CC)C(C)CC2C3CCC4=CC(=O)C=CC4(C)C3(Cl)C(O)CC21C,0
NCC1OC(OC2C(N)CC(N)C(OC3OC(CO)C(O)C(N)C3O)C2O)C(N)C(O)C1O.O=S(=O)(O)O,1
CCCCC(CC)COc1ccc(-c2nc(-c3ccc(OC)cc3)nc(-c3ccc(OCC(CC)CCCC)cc3O)n2)c(O)c1,0
CCN(CC)CCOC(=O)C(O)(c1ccccc1)c1ccccc1.Cl,0
CCOC(=O)C(CCc1ccccc1)NC1CCc2ccccc2N(CC(=O)O)C1=O.Cl,0
Cl.Cn1c(CCCC(=O)O)nc2cc(N(CCCl)CCCl)ccc21,0
O=C(O)COc1nn(Cc2ccccc2)c2ccccc12,0
NS(=O)(=O)c1cc2c(cc1C(F)(F)F)NC(Cc1ccccc1)NS2(=O)=O,0
CC(Cc1cccc(C(F)(F)F)c1)NCCOC(=O)c1ccccc1.Cl,0
CC(=C(CCOP(=O)(O)O)SC(=O)c1ccccc1)N(C=O)Cc1cnc(C)nc1N,0
CCCCOc1cc(C(=O)OCCN(CC)CC)ccc1N.Cl,0
Cl.NC(CO)C(=O)NNCc1ccc(O)c(O)c1O,0
O=C(CNC(=O)c1ccc(Cl)cc1)NO,0
CCCCCCCCCCCCC[N+](C)(C)Cc1ccccc1.O.[Cl-],0
CCc1oc2ccccc2c1C(=O)c1cc(Br)c(O)c(Br)c1,1
CC(C)(C)CC(C)(C)c1ccc(OCCOCC[N+](C)(C)Cc2ccccc2)cc1.[Cl-],1
CCOC(=O)c1ccc(N)cc1,0
O=C(OC1CN2CCC1CC2)c1ccccc1,0
O=C(O)c1ccccc1,0
CCCCNc1ccc(C(=O)OCCOCCOCCOCCOCCOCCOCCOCCOCCOC)cc1,0
O=C(Oc1cccc2cccnc12)c1ccccc1,0
O=C(OOC(=O)c1ccccc1)c1ccccc1,0
O=C(Nc1ccc(C(=O)O)c(O)c1)c1ccccc1,0
NS(=O)(=O)c1cc2c(cc1Cl)N=C(CSCc1ccccc1)NS2(=O)=O,0
CN1C2CCC1CC(OC(c1ccccc1)c1ccccc1)C2.CS(=O)(=O)O,0
CN(C)CCCOc1nn(Cc2ccccc2)c2ccccc12.Cl,0
OCc1ccccc1,0
O=C(OCc1ccccc1)c1ccccc1,0
S=C=NCc1ccccc1,0
O=C(OCc1ccccc1)c1cccnc1,0
Cl.NNCc1ccccc1,0
C[N+](C)(CCOc1ccccc1)Cc1ccccc1.O=C([O-])c1cc2ccccc2cc1O,0
CC(C)COCC(CN(Cc1ccccc1)c1ccccc1)N1CCCC1.Cl,0
COc1cc2c3cc1Oc1c(OC)c(OC)cc4c1C(Cc1cccc(c1)Oc1ccc(c(O)c1)CC3N(C)CC2)N(C)CC4.Cl.Cl,0
COc1ccc2cc3[n+](cc2c1OC)CCc1cc2c(cc1-3)OCO2.[Cl-],0
COc1c2ccoc2cc2oc(=O)ccc12,0
COc1c(O)cc2c(c1O)C1OC(CO)C(O)C(O)C1OC2=O,0
Cl.NCC(N)C(=O)O,0
CC1(C)CCC2(C)CCC3(C)C(=CCC4C5(C)CCC(O)C(C)(C)C5CCC43C)C2C1,0
CC(=O)OC1CCC2(C)C(CCC3(C)C2CC=C2C4CC(C)(C)CCC4(C)CCC23C)C1(C)C,0
CC1(C)CCC2(C)CCC3(C)C(=CCC4C5(C)CCC(OC(=O)c6ccccc6)C(C)(C)C5CCC43C)C2C1,0
CC(C=CC=C(C)C=CC1=C(C)CCCC1(C)C)=CC=CC=C(C)C=CC=C(C)C=CC1=C(C)CCCC1(C)C,0
CC12CCCC(O)(C1)C1CC(C)(C)C1CC2,0
CC1(C)CCC2=C(O1)c1ccccc1C(=O)C2=O,0
Oc1ccc2ccccc2c1,0
CCC(CCC(C)C1CCC2C3CC=C4CC(O)CCC4(C)C3CCC12C)C(C)C,0
C[N+](C)(C)CC(=O)[O-].Cl,0
CC1CC2C3CCC4=CC(=O)C=CC4(C)C3(F)C(O)CC2(C)C1(O)C(=O)CO,0
CCC(=O)OCC(=O)C1(OC(=O)CC)C(C)CC2C3CCC4=CC(=O)C=CC4(C)C3(F)C(O)CC21C,0
CC(=O)OCC(=O)C1(O)C(C)CC2C3CCC4=CC(=O)C=CC4(C)C3(F)C(O)CC21C,0
CC1CC2C3CCC4=CC(=O)C=CC4(C)C3(F)C(O)CC2(C)C1(O)C(=O)COP(=O)([O-])[O-].[Na+].[Na+],0
CCCCC(=O)OC1(C(=O)CO)C(C)CC2C3CCC4=CC(=O)C=CC4(C)C3(F)C(O)CC21C,0
O=C(O)CCNC(=O)c1ccccc1,0
CC(C[N+](C)(C)C)OC(N)=O.[Cl-],0
C=C(C)C1CCC2(CO)CCC3(C)C(CCC4C5(C)CCC(O)C(C)(C)C5CCC43C)C12,0
C=C(C)C1CCC2(C(=O)O)CCC3(C)C(CCC4C5(C)CCC(O)C(C)(C)C5CCC43C)C12,0
C=C(c1ccc(C(=O)O)cc1)c1cc2c(cc1C)C(C)(C)CCC2(C)C,0
C=C(c1ccc(C(=O)O)cc1)c1cc2c(cc1C)C(C)(C)CCC2(C)C,0
CC(C)(Oc1ccc(CCNC(=O)c2ccc(Cl)cc2)cc1)C(=O)O,0
CC(O)C1C(=O)N2C(C(=O)[O-])=C(SC3Cn4cnc[n+]4C3)C(C)C12,0
CC(O)(CS(=O)(=O)c1ccc(F)cc1)C(=O)Nc1ccc(C#N)c(C(F)(F)F)c1,0
CN1CCc2cc3c(cc2C1C1OC(=O)c2c1ccc1c2OCO1)OCO3,0
c1ccc(-c2ccc(C(c3ccccc3)n3ccnc3)cc2)cc1,0
C=CC1=C(C)C(=Cc2[nH]c(Cc3[nH]c(C=C4NC(=O)C(C)=C4C=C)c(C)c3CCC(=O)O)c(CCC(=O)O)c2C)NC1=O,0
COc1ccc(-c2coc3cc(O)cc(O)c3c2=O)cc1,0
COc1ccc(-c2coc3cc(OC(C)=O)cc(OC(C)=O)c3c2=O)cc1,0
O=C(O)CCCCC1SCC2NC(=O)NC21,0
CC(C)=CCCC(C)(O)C1CC=C(C)CC1,0
CC(=O)Oc1ccc(C(c2ccc(OC(C)=O)cc2)c2ccccn2)cc1,0
O=C1O[Bi](O)Oc2ccccc21,0
CC(C)(C)CC(C)(C)c1cc(Cc2cc(C(C)(C)CC(C)(C)C)cc(-n3nc4ccccc4n3)c2O)c(O)c(-n2nc3ccccc3n2)c1,0
CC(C)NCC(O)COc1ccc(COCCOC(C)C)cc1.O=C(O)C=CC(=O)O,0
Oc1c(Cl)cc(Cl)cc1Sc1cc(Cl)cc(Cl)c1O,0
S=C=Nc1ccc(N=C=S)cc1,0
COC(=O)C=CC(C)=CC=CC(C)=CC=CC=C(C)C=CC=C(C)C=CC(=O)O,0
CCC1OC(OC(c2c[nH]cn2)C(NC(=O)c2nc(C(CC(N)=O)NCC(N)C(N)=O)nc(N)c2C)C(=O)NC(C)C(O)C(C)C(=O)NC(C(=O)NCCc2nc(-c3nc(C(=O)NCCCCNC(=N)N)cs3)cs2)C(C)O)C(OC2OC(CO)C(O)C(OC(N)=O)C2O)C(C)C1C.O=S(=O)(O)O.O=S(=O)(O)O,0
COc1cc2c(cc1O)CC1c3c(cc(O)c(OC)c3-2)CCN1C,0
CC1(C)C2CCC1(C)C(O)C2,0
CC(=O)OC1CC2CCC1(C)C2(C)C,0
O=C(O)CC[N+](=O)[O-],0
O=C1C=C2CC3(O)COc4cc(O)ccc4C3=C2C=C1O,0
Oc1ccc2c(c1)OCC1(O)Cc3cc(O)c(O)cc3C21,0
CC[N+](C)(C)Cc1ccc(Br)cc1.Cc1ccc(S(=O)(=O)[O-])cc1,0
Brc1c(NC2=NCCN2)ccc2nccnc12,0
CCNC1CN(CCCOC)S(=O)(=O)c2sc(S(N)(=O)=O)cc21,0
O=c1[nH]c(=O)n(C2CC(O)C(CO)O2)cc1C=CBr,0
CN(Cc1cc(Br)cc(Br)c1N)C1CCCCC1.Cl,0
O=C1c2ccccc2C(=O)C1c1ccc(Br)cc1,0
CC(C)CC1C(=O)N2CCCC2C2(O)OC(NC(=O)C3C=C4c5cccc6[nH]c(Br)c(c56)CC4N(C)C3)(C(C)C)C(=O)N12.CS(=O)(=O)O,0
CCN(CC)CCNC(=O)c1cc(Br)c(N)cc1OC,0
O=C(CCCN1CCC(O)(c2ccc(Br)cc2)CC1)c1ccc(F)cc1,0
CN(C)CCC(c1ccc(Br)cc1)c1ccccn1.O=C(O)C=CC(=O)O,0
O=[N+]([O-])C(Br)(CO)CO,1
Cc1ccc2c(Br)cc(Br)c(OC(=O)c3ccccc3)c2n1,0
Oc1c(Br)cc(Br)c2cccnc12,0
COc1cc2c(cc1OC)C13CCN4CC5=CCOC6CC(=O)N2C1C6C5CC43,0
CCOc1ccc(NC(=O)CC(C)O)cc1,0
CCCC(=O)Nc1ncnc2c1ncn2C1OC2COP(=O)([O-])OC2C1OC(=O)CCC.[Na+],0
CCCC1OC2CC3C4CCC5=CC(=O)C=CC5(C)C4C(O)CC3(C)C2(C(=O)CO)O1,0
CCCCOc1ccc(CC(=O)NO)cc1,0
COc1cc(OC)c(C(=O)CCCN2CCCC2)c(OC)c1.Cl,0
CCCCNc1cc(C(=O)O)cc(S(N)(=O)=O)c1Oc1ccccc1,0
CCCCN1CCCCC1C(=O)Nc1c(C)cccc1C.Cl,0
CC(NC(C)(C)C)C(=O)c1cccc(Cl)c1.Cl,0
O=C(NCc1ccccc1)OCCO,0
Cl.O=C1CC2(CCCC2)CC(=O)N1CCCCN1CCN(c2ncccn2)CC1,0
COC(=O)CC1C2(C)CC34OC5(C)OC6(C7C(=C(O)C(C)C)C(=O)OC(c8ccoc8)C7(C)C(OC(C)=O)C(OC(C)=O)C6(O5)C13C)C(OC(C)=O)C4(O)C2OC(=O)C(C)C,0
CS(=O)(=O)OCCCCOS(C)(=O)=O,0
CCCCN(CCCC)CCCOC(=O)c1ccc(N)cc1.O=S(=O)(O)O,0
CCCCOC(=O)c1ccc(N)cc1,0
CN(Cc1ccc(C(C)(C)C)cc1)Cc1cccc2ccccc12.Cl,0
Clc1ccc(CCC(Cn2ccnc2)Sc2c(Cl)cccc2Cl)cc1,0
CCCCOC(=O)C1=CC(=O)CC(C)(C)O1,0
CCCCOC(=O)c1ccc(O)cc1,0
COc1ccc(O)c(C(C)(C)C)c1,0
Cc1cc(C(C)(C)C)c(O)c(C(C)(C)C)c1,0
COC1C(=O)C2(C)C(OC)CC3OCC3(OC(C)=O)C2C(OC(=O)c2ccccc2)C2(O)CC(OC(=O)C(O)C(NC(=O)OC(C)(C)C)c3ccccc3)C(C)=C1C2(C)C,0
NCCCN.O=C(O)C(O)C(O)C(=O)O,0
CC1=CC2C(C(C)C)CCC(C)(O)C2CC1,0
O=C(O)C=Cc1ccc(O)c(O)c1,0
Cn1c(=O)c2c(ncn2C)n(C)c1=O,0
Br.Cn1c(=O)c2c(ncn2C)n(C)c1=O,0
Cl[Ca]Cl,0
O=C([O-])C(O)C(O)C(O)C(O)C(O)CO.O=C([O-])C(O)C(O)C(O)C(O)C(O)CO.[Ca+2],0
CC12CCC(CC1=O)C2(C)C,0
CCC1(O)C(=O)OCc2c1cc1n(c2=O)Cc2cc3ccccc3nc2-1,0
CCN(CC)CCNC(C(=O)OCCC(C)C)c1ccccc1.Cl.Cl,0
Cc1ccc(C2OC(CO)C(O)C(O)C2O)cc1Cc1ccc(-c2ccc(F)cc2)s1,0
N=C(N)NOCCC(N)C(=O)O,0
CCOc1nc2cccc(C(=O)O)c2n1Cc1ccc(-c2ccccc2-c2nnn[nH]2)cc1,0
CCOc1nc2cccc(C(=O)OC(C)OC(=O)OC3CCCCC3)c2n1Cc1ccc(-c2ccccc2-c2nnn[nH]2)cc1,0
CC1C=CC=CC=CC=CC=CC=CC=CC(OC2OC(C)C(O)C(N)C2O)CC(O)C(C(=O)O)C(O)CC(=O)CC(O)CC(O)CC(O)CC(=O)CCCC(=O)CC(=O)OC1C(C)CC(C)C(O)CC(=O)c1ccc(N)cc1,0
CC12CCC(=O)C=C1C=CC1C2CCC2(C)C1CCC2(O)CCC(=O)[O-].[K+],0
CC12CCC(=O)C=C1C=CC1C2CCC2(C)C1CCC21CCC(=O)O1,0
CC12C(=O)OC(=O)C1(C)C1CCC2O1,0
CC(C=CC=C(C)C=CC1=C(C)C(=O)CCC1(C)C)=CC=CC=C(C)C=CC=C(C)C=CC1=C(C)C(=O)CCC1(C)C,0
CCCCCOC(=O)Nc1nc(=O)n(C2OC(C)C(O)C2O)cc1F,0
COc1cc(C(=O)NCCCCCC(=O)O)cc(OC)c1OC,0
N=C1NCCC(C2NC(=O)C(=CNC(N)=O)NC(=O)C(CNC(=O)CC(N)CCCN)NC(=O)C(CO)NC(=O)C(N)CNC2=O)N1.O=S(=O)(O)O,0
CCCCCCCC(=O)OCC(COC(=O)CCCCCCC)OC(=O)CCCCCCC,0
COc1cc(CNC(=O)CCCCC=CC(C)C)ccc1O,0
CC(C=CC=C(C)C=CC(=O)C1(C)CC(O)CC1(C)C)=CC=CC=C(C)C=CC=C(C)C=CC1=C(C)CC(O)CC1(C)C,0
CN(C)CCS,0
CC(CS)C(=O)N1CCCC1C(=O)O,0
COC(=O)CC1C(C)(C)C(=O)C2CC3C4=CC(=O)OC(c5ccoc5)C4(C)CCC3C1(C)C2=O,0
COC(=O)CC1C(C)(C)C(=O)C2CC3=C(CCC4(C)C3=CC(=O)OC4c3ccoc3)C1(C)C2=O,0
CC(C)NCC(O)COc1cccc2[nH]c3ccccc3c12,0
C[N+](C)(C)CCOC(N)=O.[Cl-],0
COC(=O)NN=Cc1c[n+]([O-])c2ccccc2[n+]1[O-],0
NC(=O)N1c2ccccc2C=Cc2ccccc21,0
CNC(=O)Oc1cccc2ccccc12,0
NC(=O)Nc1ccc([As](=O)(O)O)cc1,0
CN1CC(O)C2=CC(=NNC(N)=O)C(=O)C=C21,0
CC1(C)SC2C(NC(=O)C(C(=O)[O-])c3ccccc3)C(=O)N2C1C(=O)[O-].[Na+].[Na+],1
CC1(C(=O)[O-])CCC2(C)CCC3(C)C(=CC(=O)C4C5(C)CCC(OC(=O)CCC(=O)[O-])C(C)(C)C5CCC43C)C2C1.[Na+].[Na+],0
CCN(CC)CCOCCOC(=O)C1(c2ccccc2)CCCC1.O=C(O)CC(O)(CC(=O)O)C(=O)O,0
CC(Cc1ccc(O)c(O)c1)(NN)C(=O)O,0
CCOC(=O)n1ccn(C)c1=S,0
CN(C)CCOC(c1ccc(Cl)cc1)c1ccccn1.O=C(O)C=CC(=O)O,0
N.N.O=C1O[Pt]OC(=O)C12CCC2,0
NC(=O)NC(CCC(=O)O)C(=O)O,0
CCCC(C)(COC(N)=O)COC(=O)NC(C)C,0
Cc1c(C(=O)O)c(O)cc2c1C(=O)c1c(O)c(C3OC(CO)C(O)C(O)C3O)c(O)c(O)c1C2=O,0
CCCCCCNC(=O)n1cc(F)c(=O)[nH]c1=O,0
O=NN(CCCl)C(=O)NCCCl,0
C[N+](C)(C)CC(O)CC(=O)O.[Cl-],0
CC(C)c1cc2c(c(O)c1O)C1(C(=O)O)CCCC(C)(C)C1CC2,0
NCCC(=O)NC(Cc1c[nH]cn1)C(=O)O,0
CC(C(=O)O)c1ccc2c(c1)[nH]c1ccc(Cl)cc12,0
O=c1[nH]c(=O)c2ccccc2o1,0
COc1ccccc1OCCNCC(O)COc1cccc2[nH]c3ccccc3c12,0
COc1ccccc1OCCNCC(O)COc1cccc2[nH]c3ccccc3c12.O=P(O)(O)O,0
C=C1CC=C(C)CCC2C1CC2(C)C,0
NS(=O)(=O)c1ccc(C(=O)O)cc1,0
O=C1c2c(O)cc(CO)cc2C(OC2OC(CO)C(O)C(O)C2O)c2cccc(OC3OC(CO)C(O)C(O)C3O)c21,0
COc1cccc(C(=O)c2ccccc2)c1,0
CC1(C)C(=O)C=CC2(C)C1=C(O)C(=O)C1(C)C2CCC2(C)C(c3ccoc3)CC3OC321,0
CC1CCC2C(C)(C)C3CC12CCC3(C)O,0
NC(C(=O)NC1C(=O)N2C(C(=O)O)=C(Cl)CSC12)c1ccccc1,1
CC1=C(C(=O)O)N2C(=O)C(NC(=O)C(N)c3ccc(O)cc3)C2SC1,0
NC(=O)c1cc[n+](CC2=C(C(=O)[O-])N3C(=O)C(NC(=O)Cc4cccs4)C3SC2)cc1,1
Cn1nnnc1SCC1=C(C(=O)[O-])N2C(=O)C(NC(=O)C(OC=O)c3ccccc3)C2SC1.[Na+],1
Cn1nnnc1SCC1=C(C(=O)[O-])N2C(=O)C(NC(=O)C(O)c3ccccc3)C2SC1.[Na+],1
Cc1nnc(SCC2=C(C(=O)[O-])N3C(=O)C(NC(=O)Cn4cnnn4)C3SC2)s1.[Na+],1